name,param:device,param:group,param:max_length,param:predicate,param:return_mask,param:selectivity,param:tensor_cls,param:torch_compile,param:total_count,param:unique_count,col,op,pred,val,tuple_count,query_result_size,tuple_element_size_bytes,total_size_bytes,stage,error,min,max,mean,stddev,median,iqr,outliers,ops,rounds,iterations
bench_test.py::TestStringColumnTensor::test_mssb_string_processing[1e08-1e4-20-prefix-0.15-cuda-UnsortedDictionaryEncoding-mask-compile],cuda,,20,prefix,True,0.15,UnsortedDictionaryEncoding,True,100000000,10000,0003,FilterScan,Prefix,eeRfpYnaUu38h,100000000,14999627,20,2000000000,,,0.0007660329574719071,0.0028605080442503095,0.0007735063112595328,5.8475325025802617e-05,0.0007714839885011315,3.0960218282416463e-06,2;57,1292.8142737085857,1281,1
bench_test.py::TestStringColumnTensor::test_mssb_string_processing[1e08-1e4-20-prefix-0.15-cuda-UnsortedCDictionaryEncoding-mask-compile],cuda,,20,prefix,True,0.15,UnsortedCDictionaryEncoding,True,100000000,10000,0003,FilterScan,Prefix,eeRfpYnaUu38h,100000000,14999627,20,2000000000,,,0.0007665039738640189,0.0029461499652825296,0.0007722220867569577,6.095308361753711e-05,0.0007697909604758024,2.300017513334751e-06,1;88,1294.964255943033,1277,1
bench_test.py::TestStringColumnTensor::test_mssb_string_processing[1e08-1e4-20-eq-0.15-cuda-UnsortedDictionaryEncoding-mask-compile],cuda,,20,eq,True,0.15,UnsortedDictionaryEncoding,True,100000000,10000,0001,FilterScan,Eq,4pswyQmt4T,100000000,14998502,20,2000000000,,,0.0007672560168430209,0.0028030279790982604,0.000774787558020762,5.7081479729669344e-05,0.0007720094872638583,3.397522959858179e-06,3;80,1290.6763791542494,1280,1
bench_test.py::TestStringColumnTensor::test_mssb_string_processing[1e08-1e4-20-eq-0.15-cuda-UnsortedCDictionaryEncoding-mask-compile],cuda,,20,eq,True,0.15,UnsortedCDictionaryEncoding,True,100000000,10000,0001,FilterScan,Eq,4pswyQmt4T,100000000,14998502,20,2000000000,,,0.0007673760410398245,0.0045026339939795434,0.000775606924595665,0.00010475372965805674,0.0007719749701209366,3.321518306620419e-06,1;59,1289.3128829675086,1269,1
bench_test.py::TestStringColumnTensor::test_mssb_string_processing[1e08-1e4-20-lt-0.15-cuda-UnsortedCDictionaryEncoding-mask-compile],cuda,,20,lt,True,0.15,UnsortedCDictionaryEncoding,True,100000000,10000,0002,FilterScan,Lt,4vQ3SVYyCQ,100000000,14999627,20,2000000000,,,0.0007691200007684529,0.0025900849723257124,0.0007760002207741118,5.097280426999076e-05,0.0007739980355836451,3.066772478632629e-06,1;60,1288.6594271873191,1273,1
bench_test.py::TestStringColumnTensor::test_mssb_string_processing[1e08-1e4-20-lt-0.15-cuda-UnsortedDictionaryEncoding-mask-compile],cuda,,20,lt,True,0.15,UnsortedDictionaryEncoding,True,100000000,10000,0002,FilterScan,Lt,4vQ3SVYyCQ,100000000,14999627,20,2000000000,,,0.0007692599901929498,0.0024741149973124266,0.0007762368363013444,4.8517888788894604e-05,0.0007740684959571809,2.82048131339252e-06,4;65,1288.2666130157575,1272,1
bench_test.py::TestStringColumnTensor::test_mssb_string_processing[1e08-1e4-20-prefix-0.15-cuda-DictionaryEncoding-mask-compile],cuda,,20,prefix,True,0.15,DictionaryEncoding,True,100000000,10000,0003,FilterScan,Prefix,eeRfpYnaUu38h,100000000,14999627,20,2000000000,,,0.0008750900160521269,0.001002773002255708,0.0008823916395028521,7.454736567833249e-06,0.000881096493685618,3.431516233831644e-06,56;93,1133.283629662912,1120,1
bench_test.py::TestStringColumnTensor::test_mssb_string_processing[1e08-1e4-20-eq-0.15-cuda-DictionaryEncoding-mask-compile],cuda,,20,eq,True,0.15,DictionaryEncoding,True,100000000,10000,0001,FilterScan,Eq,4pswyQmt4T,100000000,14998502,20,2000000000,,,0.0008767530089244246,0.004810418002307415,0.0008927385833105131,0.000160013698341893,0.0008852299652062356,4.418223397806287e-06,2;43,1120.1487408460973,1107,1
bench_test.py::TestStringColumnTensor::test_mssb_string_processing[1e08-1e4-20-lt-0.15-cuda-DictionaryEncoding-mask-compile],cuda,,20,lt,True,0.15,DictionaryEncoding,True,100000000,10000,0002,FilterScan,Lt,4vQ3SVYyCQ,100000000,14999627,20,2000000000,,,0.0008780360221862793,0.003368982987012714,0.00088985964397338,0.00010297060579319509,0.0008846639830153435,4.519009962677956e-06,3;50,1123.772728398856,1114,1
bench_test.py::TestStringColumnTensor::test_mssb_string_processing[1e08-1e4-20-prefix-0.15-cuda-CPlainEncoding-mask-compile],cuda,,20,prefix,True,0.15,CPlainEncoding,True,100000000,10000,0003,FilterScan,Prefix,eeRfpYnaUu38h,100000000,14999627,20,2000000000,,,0.0010768530191853642,0.0011098859831690788,0.0010875565730154783,3.3113268790122576e-06,0.0010874180006794631,4.142464604228735e-06,250;17,919.4923968205999,912,1
bench_test.py::TestStringColumnTensor::test_mssb_string_processing[1e08-1e4-20-eq-0.15-cuda-CPlainEncoding-mask-compile],cuda,,20,eq,True,0.15,CPlainEncoding,True,100000000,10000,0001,FilterScan,Eq,4pswyQmt4T,100000000,14998502,20,2000000000,,,0.0015804390422999859,0.0031455489806830883,0.0016021778918422149,9.459602939310209e-05,0.0015954475093167275,6.6779612097889185e-06,4;10,624.1504174359694,624,1
bench_test.py::TestStringColumnTensor::test_mssb_string_processing[1e08-1e4-20-lt-0.15-cuda-CPlainEncoding-mask-compile],cuda,,20,lt,True,0.15,CPlainEncoding,True,100000000,10000,0002,FilterScan,Lt,4vQ3SVYyCQ,100000000,14999627,20,2000000000,,,0.0016162770334631205,0.00173131498740986,0.0016353169024535795,8.06053617435877e-06,0.0016351929516531527,9.911498636938632e-06,171;1,611.5022712109381,615,1
bench_test.py::TestStringColumnTensor::test_mssb_string_processing[1e08-1e4-20-eq-0.15-cuda-UnsortedDictionaryEncoding-index-compile],cuda,,20,eq,False,0.15,UnsortedDictionaryEncoding,True,100000000,10000,0001,FilterScan,Eq,4pswyQmt4T,100000000,14998502,20,2000000000,,,0.0019026299705728889,0.0035350280231796205,0.0019556078375488877,8.690073841795411e-05,0.0019429069943726063,3.4720273106358945e-05,16;20,511.3499653659479,461,1
bench_test.py::TestStringColumnTensor::test_mssb_string_processing[1e08-1e4-20-prefix-0.15-cuda-UnsortedDictionaryEncoding-index-compile],cuda,,20,prefix,False,0.15,UnsortedDictionaryEncoding,True,100000000,10000,0003,FilterScan,Prefix,eeRfpYnaUu38h,100000000,14999627,20,2000000000,,,0.0019041629857383668,0.0032793120481073856,0.0019283485953317382,6.152861404636143e-05,0.001921396004036069,1.327606150880456e-05,4;41,518.5784367104889,514,1
bench_test.py::TestStringColumnTensor::test_mssb_string_processing[1e08-1e4-20-lt-0.15-cuda-UnsortedCDictionaryEncoding-index-compile],cuda,,20,lt,False,0.15,UnsortedCDictionaryEncoding,True,100000000,10000,0002,FilterScan,Lt,4vQ3SVYyCQ,100000000,14999627,20,2000000000,,,0.0019058760371990502,0.00413274101447314,0.0019722125432262544,0.00012081701178355592,0.0019431120017543435,4.072801675647497e-05,63;67,507.0447419242881,462,1
bench_test.py::TestStringColumnTensor::test_mssb_string_processing[1e08-1e4-20-eq-0.15-cuda-UnsortedCDictionaryEncoding-index-compile],cuda,,20,eq,False,0.15,UnsortedCDictionaryEncoding,True,100000000,10000,0001,FilterScan,Eq,4pswyQmt4T,100000000,14998502,20,2000000000,,,0.0019063670188188553,0.006425343046430498,0.0019412532806969607,0.00020231243623054099,0.0019270014890935272,1.5008001355454326e-05,2;35,515.1311320081704,520,1
bench_test.py::TestStringColumnTensor::test_mssb_string_processing[1e08-1e4-20-lt-0.15-cuda-UnsortedDictionaryEncoding-index-compile],cuda,,20,lt,False,0.15,UnsortedDictionaryEncoding,True,100000000,10000,0002,FilterScan,Lt,4vQ3SVYyCQ,100000000,14999627,20,2000000000,,,0.0019065479864366353,0.003266638028435409,0.0019796348756195375,0.00011478913284219573,0.0019295610254630446,3.037304850295186e-05,88;90,505.1436566993419,461,1
bench_test.py::TestStringColumnTensor::test_mssb_string_processing[1e08-1e4-20-prefix-0.15-cuda-UnsortedCDictionaryEncoding-index-compile],cuda,,20,prefix,False,0.15,UnsortedCDictionaryEncoding,True,100000000,10000,0003,FilterScan,Prefix,eeRfpYnaUu38h,100000000,14999627,20,2000000000,,,0.0019076489843428135,0.0032100820099003613,0.00194173561985932,6.051512084395562e-05,0.0019350119982846081,2.7143978513777256e-05,5;11,515.0031702423272,509,1
bench_test.py::TestStringColumnTensor::test_mssb_string_processing[1e08-1e4-20-prefix-0.15-cuda-DictionaryEncoding-index-compile],cuda,,20,prefix,False,0.15,DictionaryEncoding,True,100000000,10000,0003,FilterScan,Prefix,eeRfpYnaUu38h,100000000,14999627,20,2000000000,,,0.002005685993935913,0.0021181789925321937,0.0020284061222915705,1.4821153367741435e-05,0.002025132009293884,1.3663462596014142e-05,98;32,492.99792039192846,491,1
bench_test.py::TestStringColumnTensor::test_mssb_string_processing[1e08-1e4-20-prefix-0.15-cuda-CDictionaryEncoding-mask-compile],cuda,,20,prefix,True,0.15,CDictionaryEncoding,True,100000000,10000,0003,FilterScan,Prefix,eeRfpYnaUu38h,100000000,14999627,20,2000000000,,,0.002012038021348417,0.003725368995219469,0.0020412627299131107,7.778748918585807e-05,0.0020373760198708624,1.4732970157638192e-05,4;9,489.89284198735476,488,1
bench_test.py::TestStringColumnTensor::test_mssb_string_processing[1e08-1e4-20-eq-0.15-cuda-DictionaryEncoding-index-compile],cuda,,20,eq,False,0.15,DictionaryEncoding,True,100000000,10000,0001,FilterScan,Eq,4pswyQmt4T,100000000,14998502,20,2000000000,,,0.0020137609681114554,0.003989630029536784,0.002059663916926626,0.00012986949323736118,0.0020452000317163765,2.7504516765475273e-05,3;16,485.51610375938054,491,1
bench_test.py::TestStringColumnTensor::test_mssb_string_processing[1e08-1e4-20-lt-0.15-cuda-DictionaryEncoding-index-compile],cuda,,20,lt,False,0.15,DictionaryEncoding,True,100000000,10000,0002,FilterScan,Lt,4vQ3SVYyCQ,100000000,14999627,20,2000000000,,,0.002014552999753505,0.004597853985615075,0.0020501433256010304,0.00017283861572901901,0.002033193508395925,1.295903348363936e-05,4;35,487.7707755904504,492,1
bench_test.py::TestStringColumnTensor::test_mssb_string_processing[1e08-1e4-20-prefix-0.15-cuda-PlainEncoding-mask-compile],cuda,,20,prefix,True,0.15,PlainEncoding,True,100000000,10000,0003,FilterScan,Prefix,eeRfpYnaUu38h,100000000,14999627,20,2000000000,,,0.002392088994383812,0.002404162019956857,0.002394955465123415,1.6910620081823523e-06,0.0023945930297486484,1.4602410374209285e-06,72;24,417.544298657123,417,1
bench_test.py::TestStringColumnTensor::test_mssb_string_processing[1e08-1e4-20-eq-0.15-cuda-CDictionaryEncoding-mask-compile],cuda,,20,eq,True,0.15,CDictionaryEncoding,True,100000000,10000,0001,FilterScan,Eq,4pswyQmt4T,100000000,14998502,20,2000000000,,,0.0026510200113989413,0.0037403680034913123,0.0027005772119636,6.294466754709715e-05,0.002698671043617651,2.987647894769907e-05,12;13,370.2912086978977,368,1
bench_test.py::TestStringColumnTensor::test_mssb_string_processing[1e08-1e4-20-eq-0.15-cuda-PlainEncoding-mask-compile],cuda,,20,eq,True,0.15,PlainEncoding,True,100000000,10000,0001,FilterScan,Eq,4pswyQmt4T,100000000,14998502,20,2000000000,,,0.0027857559616677463,0.0028155429754406214,0.0027906191688557925,5.507159971526828e-06,0.002788481011521071,3.183522494509816e-06,43;44,358.3434139492488,357,1
bench_test.py::TestStringColumnTensor::test_mssb_string_processing[1e08-1e4-20-prefix-0.15-cuda-CDictionaryEncoding-index-compile],cuda,,20,prefix,False,0.15,CDictionaryEncoding,True,100000000,10000,0003,FilterScan,Prefix,eeRfpYnaUu38h,100000000,14999627,20,2000000000,,,0.0031591439619660378,0.004087907029315829,0.0031945184927609283,5.451055650183347e-05,0.003189722017850727,1.743051689118147e-05,4;10,313.0362219740132,313,1
bench_test.py::TestStringColumnTensor::test_mssb_string_processing[1e08-1e4-20-prefix-0.15-cuda-PlainEncoding-index-compile],cuda,,20,prefix,False,0.15,PlainEncoding,True,100000000,10000,0003,FilterScan,Prefix,eeRfpYnaUu38h,100000000,14999627,20,2000000000,,,0.0035152510390616953,0.003595563000999391,0.0035359433378276584,1.4534423713979201e-05,0.0035316765133757144,1.343101030215621e-05,59;25,282.80996171572133,284,1
bench_test.py::TestStringColumnTensor::test_mssb_string_processing[1e08-1e4-20-eq-0.15-cuda-CDictionaryEncoding-index-compile],cuda,,20,eq,False,0.15,CDictionaryEncoding,True,100000000,10000,0001,FilterScan,Eq,4pswyQmt4T,100000000,14998502,20,2000000000,,,0.0038028450217097998,0.005649138998705894,0.003893113920668046,0.0001501493110788303,0.0038773880223743618,3.49285255651921e-05,4;13,256.8637908824418,257,1
bench_test.py::TestStringColumnTensor::test_mssb_string_processing[1e08-1e4-20-eq-0.15-cuda-PlainEncoding-index-compile],cuda,,20,eq,False,0.15,PlainEncoding,True,100000000,10000,0001,FilterScan,Eq,4pswyQmt4T,100000000,14998502,20,2000000000,,,0.003907323000021279,0.007274294039234519,0.00395479796194088,0.0002356114426539411,0.003928214020561427,1.5408979379571974e-05,3;20,252.8574176540827,255,1
bench_test.py::TestStringColumnTensor::test_mssb_string_processing[1e08-1e4-20-lt-0.15-cuda-CDictionaryEncoding-mask-compile],cuda,,20,lt,True,0.15,CDictionaryEncoding,True,100000000,10000,0002,FilterScan,Lt,4vQ3SVYyCQ,100000000,14999627,20,2000000000,,,0.004082967003341764,0.006453574984334409,0.0041238848637854646,0.00015251530081434957,0.004110971000045538,1.7711252439767122e-05,2;8,242.48979615838826,243,1
bench_test.py::TestStringColumnTensor::test_mssb_string_processing[1e08-1e4-20-lt-0.15-cuda-PlainEncoding-mask-compile],cuda,,20,lt,True,0.15,PlainEncoding,True,100000000,10000,0002,FilterScan,Lt,4vQ3SVYyCQ,100000000,14999627,20,2000000000,,,0.004985310020856559,0.0050101380329579115,0.004990767492272425,4.8736269257448015e-06,0.004988736036466435,5.14448038302362e-06,21;12,200.36998348417833,200,1
bench_test.py::TestStringColumnTensor::test_mssb_string_processing[1e08-1e4-20-lt-0.15-cuda-CDictionaryEncoding-index-compile],cuda,,20,lt,False,0.15,CDictionaryEncoding,True,100000000,10000,0002,FilterScan,Lt,4vQ3SVYyCQ,100000000,14999627,20,2000000000,,,0.0051953180227428675,0.00846028298838064,0.005311295584971575,0.00028622329447330625,0.005272865004371852,2.1190033294260502e-05,3;20,188.27797926169302,190,1
bench_test.py::TestStringColumnTensor::test_mssb_string_processing[1e08-1e4-20-lt-0.15-cuda-PlainEncoding-index-compile],cuda,,20,lt,False,0.15,PlainEncoding,True,100000000,10000,0002,FilterScan,Lt,4vQ3SVYyCQ,100000000,14999627,20,2000000000,,,0.006103120977059007,0.0072044910048134625,0.006144351503785906,9.438648809626208e-05,0.006128118518972769,3.278296208009124e-05,2;5,162.7511055290114,162,1
bench_test.py::TestStringColumnTensor::test_mssb_string_processing[1e08-1e4-20-prefix-0.15-cuda-CPlainEncoding-index-compile],cuda,,20,prefix,False,0.15,CPlainEncoding,True,100000000,10000,0003,FilterScan,Prefix,eeRfpYnaUu38h,100000000,14999627,20,2000000000,,,0.01368323399219662,0.013903452956583351,0.013776352167391053,4.3244588887767476e-05,0.013773786020465195,5.8088728110305965e-05,21;1,72.58815598275888,73,1
bench_test.py::TestStringColumnTensor::test_mssb_string_processing[1e08-1e4-20-eq-0.15-cuda-CPlainEncoding-index-compile],cuda,,20,eq,False,0.15,CPlainEncoding,True,100000000,10000,0001,FilterScan,Eq,4pswyQmt4T,100000000,14998502,20,2000000000,,,0.019169205042999238,0.02084066701354459,0.01931260588529627,0.0002708813192896843,0.019248780532507226,8.78020073287189e-05,2;2,51.77965138103677,52,1
bench_test.py::TestStringColumnTensor::test_mssb_string_processing[1e08-1e4-20-lt-0.15-cuda-CPlainEncoding-index-compile],cuda,,20,lt,False,0.15,CPlainEncoding,True,100000000,10000,0002,FilterScan,Lt,4vQ3SVYyCQ,100000000,14999627,20,2000000000,,,0.0305500200483948,0.03522357903420925,0.031131251334128054,0.0011813595121554644,0.03073067299555987,0.00010183305130340159,4;5,32.122062466012615,33,1
bench_test.py::TestStringColumnTensor::test_mssb_string_processing[1e08-1e4-20-prefix-0.15-cuda-UnsortedDictionaryEncoding-mask-compile],cuda,,20,prefix,True,0.15,UnsortedDictionaryEncoding,True,100000000,10000,0003,FilterScan,Prefix,RexIsUoCly0ClWf,100000000,14999627,20,2000000000,,,0.0007681370479986072,0.002202278992626816,0.0007750000223956762,4.505973074241345e-05,0.0007726360054221004,3.3570104278624058e-06,4;51,1290.3225433578762,1274,1
bench_test.py::TestStringColumnTensor::test_mssb_string_processing[1e08-1e4-20-eq-0.15-cuda-UnsortedCDictionaryEncoding-mask-compile],cuda,,20,eq,True,0.15,UnsortedCDictionaryEncoding,True,100000000,10000,0001,FilterScan,Eq,IY0vaJ0cuRkpeiM,100000000,14998502,20,2000000000,,,0.000769471051171422,0.00437112501822412,0.000777876985190584,0.00010092882100446113,0.0007739590364508331,3.0262890504673123e-06,2;89,1285.550310702398,1273,1
bench_test.py::TestStringColumnTensor::test_mssb_string_processing[1e08-1e4-20-prefix-0.15-cuda-UnsortedCDictionaryEncoding-mask-compile],cuda,,20,prefix,True,0.15,UnsortedCDictionaryEncoding,True,100000000,10000,0003,FilterScan,Prefix,RexIsUoCly0ClWf,100000000,14999627,20,2000000000,,,0.0007695200038142502,0.0018739250372163951,0.0007748700597901161,3.125202748430578e-05,0.0007731674995739013,2.2240274120122194e-06,2;104,1290.5389585846992,1272,1
bench_test.py::TestStringColumnTensor::test_mssb_string_processing[1e08-1e4-20-eq-0.15-cuda-UnsortedDictionaryEncoding-mask-compile],cuda,,20,eq,True,0.15,UnsortedDictionaryEncoding,True,100000000,10000,0001,FilterScan,Eq,IY0vaJ0cuRkpeiM,100000000,14998502,20,2000000000,,,0.0007695609820075333,0.0008944770088419318,0.0007744045732268954,4.418524109225837e-06,0.0007737079868093133,2.8549693524837494e-06,98;74,1291.3146881778637,1275,1
bench_test.py::TestStringColumnTensor::test_mssb_string_processing[1e08-1e4-20-lt-0.15-cuda-UnsortedDictionaryEncoding-mask-compile],cuda,,20,lt,True,0.15,UnsortedDictionaryEncoding,True,100000000,10000,0002,FilterScan,Lt,4pN3zVT82P,100000000,14999627,20,2000000000,,,0.0007712840451858938,0.0032436850015074015,0.0007778473952131961,6.934105855759311e-05,0.0007752610254101455,2.19675712287426e-06,1;93,1285.5992141310896,1269,1
bench_test.py::TestStringColumnTensor::test_mssb_string_processing[1e08-1e4-20-lt-0.15-cuda-UnsortedCDictionaryEncoding-mask-compile],cuda,,20,lt,True,0.15,UnsortedCDictionaryEncoding,True,100000000,10000,0002,FilterScan,Lt,4pN3zVT82P,100000000,14999627,20,2000000000,,,0.0007713739760220051,0.0009270790033042431,0.0007765893818902908,5.1200948727991565e-06,0.0007757120183669031,2.4022156139835715e-06,76;96,1287.6817830883895,1271,1
bench_test.py::TestStringColumnTensor::test_mssb_string_processing[1e08-1e4-20-eq-0.15-cuda-DictionaryEncoding-mask-compile],cuda,,20,eq,True,0.15,DictionaryEncoding,True,100000000,10000,0001,FilterScan,Eq,IY0vaJ0cuRkpeiM,100000000,14998502,20,2000000000,,,0.0008767329854890704,0.006333077035378665,0.0008952846039213388,0.00020573887657878462,0.0008859609952196479,3.572014975361526e-06,2;67,1116.9632490271906,1109,1
bench_test.py::TestStringColumnTensor::test_mssb_string_processing[1e08-1e4-20-prefix-0.15-cuda-DictionaryEncoding-mask-compile],cuda,,20,prefix,True,0.15,DictionaryEncoding,True,100000000,10000,0003,FilterScan,Prefix,RexIsUoCly0ClWf,100000000,14999627,20,2000000000,,,0.0008770640124566853,0.002224992960691452,0.0008870415430089323,4.8915620875248066e-05,0.000884398992639035,4.750807420350611e-06,2;42,1127.3429163282494,1111,1
bench_test.py::TestStringColumnTensor::test_mssb_string_processing[1e08-1e4-20-lt-0.15-cuda-DictionaryEncoding-mask-compile],cuda,,20,lt,True,0.15,DictionaryEncoding,True,100000000,10000,0002,FilterScan,Lt,4pN3zVT82P,100000000,14999627,20,2000000000,,,0.0008793589659035206,0.0022126890253275633,0.0008864543178951438,4.035256262368486e-05,0.0008838069916237146,3.525929059833288e-06,7;81,1128.0897163143914,1114,1
bench_test.py::TestStringColumnTensor::test_mssb_string_processing[1e08-1e4-20-prefix-0.15-cuda-CPlainEncoding-mask-compile],cuda,,20,prefix,True,0.15,CPlainEncoding,True,100000000,10000,0003,FilterScan,Prefix,RexIsUoCly0ClWf,100000000,14999627,20,2000000000,,,0.001238028984516859,0.003093359002377838,0.0012495759270677808,9.268196390083193e-05,0.0012440860155038536,3.4365220926702023e-06,4;22,800.2714987848489,800,1
bench_test.py::TestStringColumnTensor::test_mssb_string_processing[1e08-1e4-20-eq-0.15-cuda-CPlainEncoding-mask-compile],cuda,,20,eq,True,0.15,CPlainEncoding,True,100000000,10000,0001,FilterScan,Eq,IY0vaJ0cuRkpeiM,100000000,14998502,20,2000000000,,,0.0015794269856996834,0.003387206990737468,0.001602658490017534,9.348996592506451e-05,0.0015961690223775804,6.7724904511123896e-06,3;10,623.9632499554284,624,1
bench_test.py::TestStringColumnTensor::test_mssb_string_processing[1e08-1e4-20-lt-0.15-cuda-CPlainEncoding-mask-compile],cuda,,20,lt,True,0.15,CPlainEncoding,True,100000000,10000,0002,FilterScan,Lt,4pN3zVT82P,100000000,14999627,20,2000000000,,,0.0016132310265675187,0.0017678849981166422,0.0016379828238555915,9.370789886968972e-06,0.001637306995689869,9.598748874850571e-06,120;11,610.5070123056202,613,1
bench_test.py::TestStringColumnTensor::test_mssb_string_processing[1e08-1e4-20-prefix-0.15-cuda-UnsortedDictionaryEncoding-index-compile],cuda,,20,prefix,False,0.15,UnsortedDictionaryEncoding,True,100000000,10000,0003,FilterScan,Prefix,RexIsUoCly0ClWf,100000000,14999627,20,2000000000,,,0.0019052650313824415,0.00200855202274397,0.0019271635449292519,1.416355209242515e-05,0.0019231690093874931,1.3297452824190259e-05,115;35,518.8973206924745,515,1
bench_test.py::TestStringColumnTensor::test_mssb_string_processing[1e08-1e4-20-eq-0.15-cuda-UnsortedDictionaryEncoding-index-compile],cuda,,20,eq,False,0.15,UnsortedDictionaryEncoding,True,100000000,10000,0001,FilterScan,Eq,IY0vaJ0cuRkpeiM,100000000,14998502,20,2000000000,,,0.0019068190013058484,0.0024532650131732225,0.0020055975216619237,0.00010763956416038914,0.001953726983629167,9.28037625271827e-05,105;83,498.60452518477246,449,1
bench_test.py::TestStringColumnTensor::test_mssb_string_processing[1e08-1e4-20-lt-0.15-cuda-UnsortedDictionaryEncoding-index-compile],cuda,,20,lt,False,0.15,UnsortedDictionaryEncoding,True,100000000,10000,0002,FilterScan,Lt,4pN3zVT82P,100000000,14999627,20,2000000000,,,0.0019074499723501503,0.0037954519502818584,0.0019973215361065028,0.0001362333820293675,0.0019328725175000727,0.00022857802105136216,118;1,500.67051394707295,460,1
bench_test.py::TestStringColumnTensor::test_mssb_string_processing[1e08-1e4-20-eq-0.15-cuda-UnsortedCDictionaryEncoding-index-compile],cuda,,20,eq,False,0.15,UnsortedCDictionaryEncoding,True,100000000,10000,0001,FilterScan,Eq,IY0vaJ0cuRkpeiM,100000000,14998502,20,2000000000,,,0.0019077000324614346,0.006631894037127495,0.0019389205688878563,0.00020726322360699692,0.0019258495012763888,1.4167046174407005e-05,1;36,515.7508853359523,518,1
bench_test.py::TestStringColumnTensor::test_mssb_string_processing[1e08-1e4-20-prefix-0.15-cuda-UnsortedCDictionaryEncoding-index-compile],cuda,,20,prefix,False,0.15,UnsortedCDictionaryEncoding,True,100000000,10000,0003,FilterScan,Prefix,RexIsUoCly0ClWf,100000000,14999627,20,2000000000,,,0.0019078599871136248,0.0030706870020367205,0.0019461237616914023,5.468618278417721e-05,0.0019387289939913899,2.8213515179231763e-05,9;11,513.8419352790218,508,1
bench_test.py::TestStringColumnTensor::test_mssb_string_processing[1e08-1e4-20-lt-0.15-cuda-UnsortedCDictionaryEncoding-index-compile],cuda,,20,lt,False,0.15,UnsortedCDictionaryEncoding,True,100000000,10000,0002,FilterScan,Lt,4pN3zVT82P,100000000,14999627,20,2000000000,,,0.0019088129629381,0.002048827998805791,0.0019305086340419366,1.6019149741649978e-05,0.0019263650174252689,1.3227821909822524e-05,87;38,517.9982012855772,513,1
bench_test.py::TestStringColumnTensor::test_mssb_string_processing[1e08-1e4-20-prefix-0.15-cuda-PlainEncoding-mask-compile],cuda,,20,prefix,True,0.15,PlainEncoding,True,100000000,10000,0003,FilterScan,Prefix,RexIsUoCly0ClWf,100000000,14999627,20,2000000000,,,0.001945622032508254,0.0038177340175025165,0.0019541095138970333,8.295135706247444e-05,0.0019488869584165514,3.2535172067582607e-06,2;30,511.74204561632996,511,1
bench_test.py::TestStringColumnTensor::test_mssb_string_processing[1e08-1e4-20-prefix-0.15-cuda-DictionaryEncoding-index-compile],cuda,,20,prefix,False,0.15,DictionaryEncoding,True,100000000,10000,0003,FilterScan,Prefix,RexIsUoCly0ClWf,100000000,14999627,20,2000000000,,,0.0020059760427102447,0.003603597986511886,0.002034899483570356,0.00010021935552698999,0.002025528985541314,1.1522002751007676e-05,2;38,491.4247647483004,488,1
bench_test.py::TestStringColumnTensor::test_mssb_string_processing[1e08-1e4-20-eq-0.15-cuda-DictionaryEncoding-index-compile],cuda,,20,eq,False,0.15,DictionaryEncoding,True,100000000,10000,0001,FilterScan,Eq,IY0vaJ0cuRkpeiM,100000000,14998502,20,2000000000,,,0.002010805008467287,0.0030485440511256456,0.002051121908553629,6.244528556208003e-05,0.002043617481831461,2.799299545586109e-05,7;9,487.53806189177755,490,1
bench_test.py::TestStringColumnTensor::test_mssb_string_processing[1e08-1e4-20-lt-0.15-cuda-DictionaryEncoding-index-compile],cuda,,20,lt,False,0.15,DictionaryEncoding,True,100000000,10000,0002,FilterScan,Lt,4pN3zVT82P,100000000,14999627,20,2000000000,,,0.0020113170030526817,0.002182441996410489,0.002034596603883693,1.6638864178404884e-05,0.002030392992310226,1.3392796972766519e-05,66;29,491.4979205662552,489,1
bench_test.py::TestStringColumnTensor::test_mssb_string_processing[1e08-1e4-20-prefix-0.15-cuda-CDictionaryEncoding-mask-compile],cuda,,20,prefix,True,0.15,CDictionaryEncoding,True,100000000,10000,0003,FilterScan,Prefix,RexIsUoCly0ClWf,100000000,14999627,20,2000000000,,,0.002202639007009566,0.006288753007538617,0.0022501317649462334,0.0002668188383658899,0.002230732992757112,1.3780983863398433e-05,2;16,444.4184183248908,445,1
bench_test.py::TestStringColumnTensor::test_mssb_string_processing[1e08-1e4-20-eq-0.15-cuda-CDictionaryEncoding-mask-compile],cuda,,20,eq,True,0.15,CDictionaryEncoding,True,100000000,10000,0001,FilterScan,Eq,IY0vaJ0cuRkpeiM,100000000,14998502,20,2000000000,,,0.0026792839635163546,0.003887084953021258,0.0027238803080896416,7.196391425630552e-05,0.0027178669697605073,1.063272065948695e-05,8;31,367.1233266124447,369,1
bench_test.py::TestStringColumnTensor::test_mssb_string_processing[1e08-1e4-20-prefix-0.15-cuda-PlainEncoding-index-compile],cuda,,20,prefix,False,0.15,PlainEncoding,True,100000000,10000,0003,FilterScan,Prefix,RexIsUoCly0ClWf,100000000,14999627,20,2000000000,,,0.0030703659867867827,0.006224411015864462,0.0031383210897015837,0.0003269491489287411,0.0030873590148985386,1.2219010386615992e-05,7;29,318.6417104615283,325,1
bench_test.py::TestStringColumnTensor::test_mssb_string_processing[1e08-1e4-20-prefix-0.15-cuda-CDictionaryEncoding-index-compile],cuda,,20,prefix,False,0.15,CDictionaryEncoding,True,100000000,10000,0003,FilterScan,Prefix,RexIsUoCly0ClWf,100000000,14999627,20,2000000000,,,0.0033402980188839138,0.004776193993166089,0.0033908773774463633,0.000104411416929227,0.0033756800112314522,2.5558489141985774e-05,9;20,294.9089243542892,296,1
bench_test.py::TestStringColumnTensor::test_mssb_string_processing[1e08-1e4-20-eq-0.15-cuda-PlainEncoding-mask-compile],cuda,,20,eq,True,0.15,PlainEncoding,True,100000000,10000,0001,FilterScan,Eq,IY0vaJ0cuRkpeiM,100000000,14998502,20,2000000000,,,0.0034759959671646357,0.005024413985665888,0.00349285608000943,0.00012433032324885455,0.0034792920341715217,3.839493729174137e-06,3;28,286.2986556254846,287,1
bench_test.py::TestStringColumnTensor::test_mssb_string_processing[1e08-1e4-20-eq-0.15-cuda-CDictionaryEncoding-index-compile],cuda,,20,eq,False,0.15,CDictionaryEncoding,True,100000000,10000,0001,FilterScan,Eq,IY0vaJ0cuRkpeiM,100000000,14998502,20,2000000000,,,0.0038371310220099986,0.005362856027204543,0.0038949637721730945,0.00011888586878538117,0.0038801130140200257,3.173253207933158e-05,3;15,256.7417974832859,255,1
bench_test.py::TestStringColumnTensor::test_mssb_string_processing[1e08-1e4-20-lt-0.15-cuda-CDictionaryEncoding-mask-compile],cuda,,20,lt,True,0.15,CDictionaryEncoding,True,100000000,10000,0002,FilterScan,Lt,4pN3zVT82P,100000000,14999627,20,2000000000,,,0.004078139027114958,0.005942255025729537,0.004148407293149343,0.00011857506944847862,0.004142971010878682,1.861022610682994e-05,2;26,241.05636918809645,241,1
bench_test.py::TestStringColumnTensor::test_mssb_string_processing[1e08-1e4-20-eq-0.15-cuda-PlainEncoding-index-compile],cuda,,20,eq,False,0.15,PlainEncoding,True,100000000,10000,0001,FilterScan,Eq,IY0vaJ0cuRkpeiM,100000000,14998502,20,2000000000,,,0.004593756981194019,0.004697232972830534,0.00461649630607153,1.5819423498683288e-05,0.004611310025211424,1.765049819368869e-05,45;10,216.6144915322078,217,1
bench_test.py::TestStringColumnTensor::test_mssb_string_processing[1e08-1e4-20-lt-0.15-cuda-PlainEncoding-mask-compile],cuda,,20,lt,True,0.15,PlainEncoding,True,100000000,10000,0002,FilterScan,Lt,4pN3zVT82P,100000000,14999627,20,2000000000,,,0.004986863001249731,0.005064038967248052,0.004990179745297397,6.657452520486238e-06,0.004989017965272069,1.866530510596931e-06,5;17,200.3935832055692,201,1
bench_test.py::TestStringColumnTensor::test_mssb_string_processing[1e08-1e4-20-lt-0.15-cuda-CDictionaryEncoding-index-compile],cuda,,20,lt,False,0.15,CDictionaryEncoding,True,100000000,10000,0002,FilterScan,Lt,4pN3zVT82P,100000000,14999627,20,2000000000,,,0.005225675995461643,0.007123076997231692,0.005285126159260808,0.000139596207385681,0.005267866014037281,3.931528772227466e-05,3;7,189.21024207676862,189,1
bench_test.py::TestStringColumnTensor::test_mssb_string_processing[1e08-1e4-20-lt-0.15-cuda-PlainEncoding-index-compile],cuda,,20,lt,False,0.15,PlainEncoding,True,100000000,10000,0002,FilterScan,Lt,4pN3zVT82P,100000000,14999627,20,2000000000,,,0.006105354987084866,0.006225903984159231,0.006136176912483146,2.4401629715297745e-05,0.006128102948423475,3.098350134678185e-05,34;6,162.96792192637855,164,1
bench_test.py::TestStringColumnTensor::test_mssb_string_processing[1e08-1e4-20-prefix-0.15-cuda-CPlainEncoding-index-compile],cuda,,20,prefix,False,0.15,CPlainEncoding,True,100000000,10000,0003,FilterScan,Prefix,RexIsUoCly0ClWf,100000000,14999627,20,2000000000,,,0.015267251001205295,0.016576305031776428,0.015401346619579603,0.00025177352571915945,0.015333812014432624,8.663500193506479e-05,4;4,64.92938732569712,66,1
bench_test.py::TestStringColumnTensor::test_mssb_string_processing[1e08-1e4-20-eq-0.15-cuda-CPlainEncoding-index-compile],cuda,,20,eq,False,0.15,CPlainEncoding,True,100000000,10000,0001,FilterScan,Eq,IY0vaJ0cuRkpeiM,100000000,14998502,20,2000000000,,,0.019173512991983443,0.019445569021627307,0.019267813506852485,5.452102676743179e-05,0.019262941961642355,7.125275442376733e-05,19;1,51.90002485981899,53,1
bench_test.py::TestStringColumnTensor::test_mssb_string_processing[1e08-1e4-20-lt-0.15-cuda-CPlainEncoding-index-compile],cuda,,20,lt,False,0.15,CPlainEncoding,True,100000000,10000,0002,FilterScan,Lt,4pN3zVT82P,100000000,14999627,20,2000000000,,,0.031121012987568974,0.03294250997714698,0.03132144356095523,0.0003072295908337936,0.03126607398735359,0.0001324405602645129,1;1,31.92700866592824,32,1
bench_test.py::TestStringColumnTensor::test_mssb_string_processing[1e08-1e4-20-prefix-0.15-cuda-UnsortedDictionaryEncoding-mask-compile],cuda,,20,prefix,True,0.15,UnsortedDictionaryEncoding,True,100000000,10000,0003,FilterScan,Prefix,ZcF4wOyXRBXG75,100000000,14999627,20,2000000000,,,0.000765433011110872,0.001601930009201169,0.0007712422200256697,2.3491724768746042e-05,0.0007700010028202087,3.2614916563034058e-06,3;51,1296.60951389139,1280,1
bench_test.py::TestStringColumnTensor::test_mssb_string_processing[1e08-1e4-20-prefix-0.15-cuda-UnsortedCDictionaryEncoding-mask-compile],cuda,,20,prefix,True,0.15,UnsortedCDictionaryEncoding,True,100000000,10000,0003,FilterScan,Prefix,ZcF4wOyXRBXG75,100000000,14999627,20,2000000000,,,0.0007663140422664583,0.0022306930040940642,0.0007731031435014302,4.0860587631152293e-05,0.000771724502556026,2.8909998945891857e-06,1;53,1293.488467102773,1280,1
bench_test.py::TestStringColumnTensor::test_mssb_string_processing[1e08-1e4-20-eq-0.15-cuda-UnsortedCDictionaryEncoding-mask-compile],cuda,,20,eq,True,0.15,UnsortedCDictionaryEncoding,True,100000000,10000,0001,FilterScan,Eq,9JpfoTzAoyuZAw3zg7q,100000000,14998502,20,2000000000,,,0.0007663939613848925,0.0009084639605134726,0.0007715642873421839,4.711957588596162e-06,0.0007708129705861211,2.329528797417879e-06,79;93,1296.0682815487887,1272,1
bench_test.py::TestStringColumnTensor::test_mssb_string_processing[1e08-1e4-20-eq-0.15-cuda-UnsortedDictionaryEncoding-mask-compile],cuda,,20,eq,True,0.15,UnsortedDictionaryEncoding,True,100000000,10000,0001,FilterScan,Eq,9JpfoTzAoyuZAw3zg7q,100000000,14998502,20,2000000000,,,0.0007672759820707142,0.005785628978628665,0.0007757495436489733,0.00014023362459501768,0.0007711329963058233,2.4649780243635178e-06,1;80,1289.075846949515,1279,1
bench_test.py::TestStringColumnTensor::test_mssb_string_processing[1e08-1e4-20-lt-0.15-cuda-UnsortedCDictionaryEncoding-mask-compile],cuda,,20,lt,True,0.15,UnsortedCDictionaryEncoding,True,100000000,10000,0002,FilterScan,Lt,4hYzZwhE9p,100000000,14999627,20,2000000000,,,0.0007673060172237456,0.003958562039770186,0.0007761550361898562,8.922282217906527e-05,0.000772806495660916,3.586494131013751e-06,1;57,1288.4023853133756,1276,1
bench_test.py::TestStringColumnTensor::test_mssb_string_processing[1e08-1e4-20-lt-0.15-cuda-UnsortedDictionaryEncoding-mask-compile],cuda,,20,lt,True,0.15,UnsortedDictionaryEncoding,True,100000000,10000,0002,FilterScan,Lt,4hYzZwhE9p,100000000,14999627,20,2000000000,,,0.000768088037148118,0.0015451630461029708,0.0007739255177404951,2.2322834214472793e-05,0.0007724860333837569,2.6950001483783126e-06,8;75,1292.1140046131802,1275,1
bench_test.py::TestStringColumnTensor::test_mssb_string_processing[1e08-1e4-20-eq-0.15-cuda-DictionaryEncoding-mask-compile],cuda,,20,eq,True,0.15,DictionaryEncoding,True,100000000,10000,0001,FilterScan,Eq,9JpfoTzAoyuZAw3zg7q,100000000,14998502,20,2000000000,,,0.0008745089871808887,0.002141111996024847,0.0008826035604088215,3.793727196480456e-05,0.0008805805409792811,4.0780287235975266e-06,1;49,1133.0115182594557,1114,1
bench_test.py::TestStringColumnTensor::test_mssb_string_processing[1e08-1e4-20-prefix-0.15-cuda-DictionaryEncoding-mask-compile],cuda,,20,prefix,True,0.15,DictionaryEncoding,True,100000000,10000,0003,FilterScan,Prefix,ZcF4wOyXRBXG75,100000000,14999627,20,2000000000,,,0.0008768740226514637,0.0026093909982591867,0.0008863474442107079,7.040481058750651e-05,0.0008830959850456566,4.007015377283096e-06,2;34,1128.2257387118655,1118,1
bench_test.py::TestStringColumnTensor::test_mssb_string_processing[1e08-1e4-20-lt-0.15-cuda-DictionaryEncoding-mask-compile],cuda,,20,lt,True,0.15,DictionaryEncoding,True,100000000,10000,0002,FilterScan,Lt,4hYzZwhE9p,100000000,14999627,20,2000000000,,,0.0008772949804551899,0.006027536990586668,0.0008916858786500334,0.00016230346607269078,0.0008847090066410601,4.711459041573107e-06,2;43,1121.4711637173716,1113,1
bench_test.py::TestStringColumnTensor::test_mssb_string_processing[1e08-1e4-20-prefix-0.15-cuda-CPlainEncoding-mask-compile],cuda,,20,prefix,True,0.15,CPlainEncoding,True,100000000,10000,0003,FilterScan,Prefix,ZcF4wOyXRBXG75,100000000,14999627,20,2000000000,,,0.0011349539854563773,0.0019485869561322033,0.0011439771007414608,2.920434303127873e-05,0.0011422674870118499,3.5269767977297306e-06,4;24,874.1433717089765,870,1
bench_test.py::TestStringColumnTensor::test_mssb_string_processing[1e08-1e4-20-eq-0.15-cuda-CPlainEncoding-mask-compile],cuda,,20,eq,True,0.15,CPlainEncoding,True,100000000,10000,0001,FilterScan,Eq,9JpfoTzAoyuZAw3zg7q,100000000,14998502,20,2000000000,,,0.0015803989954292774,0.0017396510229445994,0.0015954979905858635,9.184357789609465e-06,0.001594756031408906,7.10350286681205e-06,76;26,626.7635596537492,625,1
bench_test.py::TestStringColumnTensor::test_mssb_string_processing[1e08-1e4-20-lt-0.15-cuda-CPlainEncoding-mask-compile],cuda,,20,lt,True,0.15,CPlainEncoding,True,100000000,10000,0002,FilterScan,Lt,4hYzZwhE9p,100000000,14999627,20,2000000000,,,0.0016062380163930357,0.003272909962106496,0.0016435404338053872,9.216911111484586e-05,0.0016368859796784818,9.805546142160892e-06,4;13,608.442591025668,611,1
bench_test.py::TestStringColumnTensor::test_mssb_string_processing[1e08-1e4-20-prefix-0.15-cuda-UnsortedDictionaryEncoding-index-compile],cuda,,20,prefix,False,0.15,UnsortedDictionaryEncoding,True,100000000,10000,0003,FilterScan,Prefix,ZcF4wOyXRBXG75,100000000,14999627,20,2000000000,,,0.0019016090082004666,0.0056978820357471704,0.001940152343736714,0.00019085465293573495,0.001924242009408772,1.54295121319592e-05,3;37,515.4234425086486,519,1
bench_test.py::TestStringColumnTensor::test_mssb_string_processing[1e08-1e4-20-eq-0.15-cuda-UnsortedCDictionaryEncoding-index-compile],cuda,,20,eq,False,0.15,UnsortedCDictionaryEncoding,True,100000000,10000,0001,FilterScan,Eq,9JpfoTzAoyuZAw3zg7q,100000000,14998502,20,2000000000,,,0.001903281023260206,0.0050965610425919294,0.0019363820237001702,0.0001714478348950116,0.00192196702118963,1.2858989066444337e-05,3;29,516.4270209909985,519,1
bench_test.py::TestStringColumnTensor::test_mssb_string_processing[1e08-1e4-20-eq-0.15-cuda-UnsortedDictionaryEncoding-index-compile],cuda,,20,eq,False,0.15,UnsortedDictionaryEncoding,True,100000000,10000,0001,FilterScan,Eq,9JpfoTzAoyuZAw3zg7q,100000000,14998502,20,2000000000,,,0.0019053660216741264,0.003237031982280314,0.0019801855545349255,0.0001084234851441075,0.001948016491951421,5.743902875110507e-05,47;48,505.00317897474207,460,1
bench_test.py::TestStringColumnTensor::test_mssb_string_processing[1e08-1e4-20-lt-0.15-cuda-UnsortedCDictionaryEncoding-index-compile],cuda,,20,lt,False,0.15,UnsortedCDictionaryEncoding,True,100000000,10000,0002,FilterScan,Lt,4hYzZwhE9p,100000000,14999627,20,2000000000,,,0.001906047051306814,0.005412911006715149,0.0019367355405741815,0.00015429167624060892,0.0019261849811300635,1.2538774171844125e-05,1;41,516.3327563573968,515,1
bench_test.py::TestStringColumnTensor::test_mssb_string_processing[1e08-1e4-20-lt-0.15-cuda-UnsortedDictionaryEncoding-index-compile],cuda,,20,lt,False,0.15,UnsortedDictionaryEncoding,True,100000000,10000,0002,FilterScan,Lt,4hYzZwhE9p,100000000,14999627,20,2000000000,,,0.0019072089926339686,0.0035646040341816843,0.0019737701694361883,0.000119903188220546,0.0019270170014351606,3.084099444095045e-05,80;80,506.6446010204178,461,1
bench_test.py::TestStringColumnTensor::test_mssb_string_processing[1e08-1e4-20-prefix-0.15-cuda-UnsortedCDictionaryEncoding-index-compile],cuda,,20,prefix,False,0.15,UnsortedCDictionaryEncoding,True,100000000,10000,0003,FilterScan,Prefix,ZcF4wOyXRBXG75,100000000,14999627,20,2000000000,,,0.0019114179885946214,0.002778011024929583,0.0019487501941065426,4.306645416449345e-05,0.0019426859798841178,2.8326030587777495e-05,23;12,513.149403666116,511,1
bench_test.py::TestStringColumnTensor::test_mssb_string_processing[1e08-1e4-20-prefix-0.15-cuda-PlainEncoding-mask-compile],cuda,,20,prefix,True,0.15,PlainEncoding,True,100000000,10000,0003,FilterScan,Prefix,ZcF4wOyXRBXG75,100000000,14999627,20,2000000000,,,0.00197166099678725,0.0031899529858492315,0.0019831503130550874,7.505166234678446e-05,0.001975769002456218,3.4037220757454634e-06,6;15,504.24821225955264,505,1
bench_test.py::TestStringColumnTensor::test_mssb_string_processing[1e08-1e4-20-prefix-0.15-cuda-DictionaryEncoding-index-compile],cuda,,20,prefix,False,0.15,DictionaryEncoding,True,100000000,10000,0003,FilterScan,Prefix,ZcF4wOyXRBXG75,100000000,14999627,20,2000000000,,,0.0020035119960084558,0.0021553600090555847,0.002044322990321581,2.4950110661032424e-05,0.002038463018834591,3.190001007169485e-05,139;14,489.159494235642,482,1
bench_test.py::TestStringColumnTensor::test_mssb_string_processing[1e08-1e4-20-lt-0.15-cuda-DictionaryEncoding-index-compile],cuda,,20,lt,False,0.15,DictionaryEncoding,True,100000000,10000,0002,FilterScan,Lt,4hYzZwhE9p,100000000,14999627,20,2000000000,,,0.0020059759845025837,0.0031956330058164895,0.002036375850700412,5.8248986617218176e-05,0.0020288600062485784,1.4658027794212103e-05,5;33,491.06848308776085,490,1
bench_test.py::TestStringColumnTensor::test_mssb_string_processing[1e08-1e4-20-eq-0.15-cuda-DictionaryEncoding-index-compile],cuda,,20,eq,False,0.15,DictionaryEncoding,True,100000000,10000,0001,FilterScan,Eq,9JpfoTzAoyuZAw3zg7q,100000000,14998502,20,2000000000,,,0.002012188022490591,0.004611821030266583,0.0020554796735195776,0.00012058922137407124,0.002043988963123411,2.9933740734122694e-05,3;10,486.50444608275296,487,1
bench_test.py::TestStringColumnTensor::test_mssb_string_processing[1e08-1e4-20-prefix-0.15-cuda-CDictionaryEncoding-mask-compile],cuda,,20,prefix,True,0.15,CDictionaryEncoding,True,100000000,10000,0003,FilterScan,Prefix,ZcF4wOyXRBXG75,100000000,14999627,20,2000000000,,,0.00211133697303012,0.00794274202780798,0.002150767544654989,0.00026968614074176345,0.0021378359524533153,8.833696483634412e-06,2;33,464.9502929710672,465,1
bench_test.py::TestStringColumnTensor::test_mssb_string_processing[1e08-1e4-20-eq-0.15-cuda-CDictionaryEncoding-mask-compile],cuda,,20,eq,True,0.15,CDictionaryEncoding,True,100000000,10000,0001,FilterScan,Eq,9JpfoTzAoyuZAw3zg7q,100000000,14998502,20,2000000000,,,0.002660689002368599,0.004164241021499038,0.0027050673828774093,9.076446530595997e-05,0.0027011555212084204,2.7321948437020183e-05,5;8,369.67655827349085,368,1
bench_test.py::TestStringColumnTensor::test_mssb_string_processing[1e08-1e4-20-prefix-0.15-cuda-PlainEncoding-index-compile],cuda,,20,prefix,False,0.15,PlainEncoding,True,100000000,10000,0003,FilterScan,Prefix,ZcF4wOyXRBXG75,100000000,14999627,20,2000000000,,,0.003096305998042226,0.006634649005718529,0.0031655357680588124,0.0003240015833742913,0.0031121650245040655,1.1534488294273615e-05,9;27,315.90229056651145,321,1
bench_test.py::TestStringColumnTensor::test_mssb_string_processing[1e08-1e4-20-prefix-0.15-cuda-CDictionaryEncoding-index-compile],cuda,,20,prefix,False,0.15,CDictionaryEncoding,True,100000000,10000,0003,FilterScan,Prefix,ZcF4wOyXRBXG75,100000000,14999627,20,2000000000,,,0.0032597160316072404,0.004428122017998248,0.0032973960474234924,7.453869742266612e-05,0.0032883500098250806,1.6014964785426855e-05,2;23,303.2696059611573,303,1
bench_test.py::TestStringColumnTensor::test_mssb_string_processing[1e08-1e4-20-eq-0.15-cuda-PlainEncoding-mask-compile],cuda,,20,eq,True,0.15,PlainEncoding,True,100000000,10000,0001,FilterScan,Eq,9JpfoTzAoyuZAw3zg7q,100000000,14998502,20,2000000000,,,0.003532753966283053,0.0047083740355446935,0.0035406647207535777,6.988431946687016e-05,0.003534947521984577,3.1469971872866154e-06,1;31,282.4328420984083,282,1
bench_test.py::TestStringColumnTensor::test_mssb_string_processing[1e08-1e4-20-eq-0.15-cuda-CDictionaryEncoding-index-compile],cuda,,20,eq,False,0.15,CDictionaryEncoding,True,100000000,10000,0001,FilterScan,Eq,9JpfoTzAoyuZAw3zg7q,100000000,14998502,20,2000000000,,,0.003825139021500945,0.0054536990355700254,0.003881287965661839,0.00010334600655007157,0.0038700740260537714,3.4834956750273705e-05,5;8,257.6464330518902,258,1
bench_test.py::TestStringColumnTensor::test_mssb_string_processing[1e08-1e4-20-lt-0.15-cuda-CDictionaryEncoding-mask-compile],cuda,,20,lt,True,0.15,CDictionaryEncoding,True,100000000,10000,0002,FilterScan,Lt,4hYzZwhE9p,100000000,14999627,20,2000000000,,,0.004066917987074703,0.0051948269829154015,0.004112026883647123,9.035225078560216e-05,0.004094544507097453,3.4695956856012344e-05,4;8,243.18907154445927,242,1
bench_test.py::TestStringColumnTensor::test_mssb_string_processing[1e08-1e4-20-eq-0.15-cuda-PlainEncoding-index-compile],cuda,,20,eq,False,0.15,PlainEncoding,True,100000000,10000,0001,FilterScan,Eq,9JpfoTzAoyuZAw3zg7q,100000000,14998502,20,2000000000,,,0.004649131966289133,0.006707046995870769,0.0046862866786617574,0.00015505436819727465,0.0046677229984197766,1.1702068150043488e-05,4;18,213.38856723241815,214,1
bench_test.py::TestStringColumnTensor::test_mssb_string_processing[1e08-1e4-20-lt-0.15-cuda-PlainEncoding-mask-compile],cuda,,20,lt,True,0.15,PlainEncoding,True,100000000,10000,0002,FilterScan,Lt,4hYzZwhE9p,100000000,14999627,20,2000000000,,,0.004986031970474869,0.007583530968986452,0.005019623818807304,0.0002304402036993188,0.004988376022083685,1.9684957806020975e-06,5;21,199.2181159578621,200,1
bench_test.py::TestStringColumnTensor::test_mssb_string_processing[1e08-1e4-20-lt-0.15-cuda-CDictionaryEncoding-index-compile],cuda,,20,lt,False,0.15,CDictionaryEncoding,True,100000000,10000,0002,FilterScan,Lt,4hYzZwhE9p,100000000,14999627,20,2000000000,,,0.005213501979596913,0.009396490000654012,0.005313863470551691,0.00034927060522992943,0.00525822804775089,4.865477967541665e-05,5;12,188.186995307988,189,1
bench_test.py::TestStringColumnTensor::test_mssb_string_processing[1e08-1e4-20-lt-0.15-cuda-PlainEncoding-index-compile],cuda,,20,lt,False,0.15,PlainEncoding,True,100000000,10000,0002,FilterScan,Lt,4hYzZwhE9p,100000000,14999627,20,2000000000,,,0.006104803993366659,0.007829767011571676,0.006151924179395535,0.0001734577205378859,0.006123770028352737,2.543529262766242e-05,2;15,162.55076799373953,163,1
bench_test.py::TestStringColumnTensor::test_mssb_string_processing[1e08-1e4-20-prefix-0.15-cuda-CPlainEncoding-index-compile],cuda,,20,prefix,False,0.15,CPlainEncoding,True,100000000,10000,0003,FilterScan,Prefix,ZcF4wOyXRBXG75,100000000,14999627,20,2000000000,,,0.014451711962465197,0.016283519042190164,0.014619166070284942,0.0003541277898810678,0.014531533990520984,5.894996866118163e-05,4;5,68.4033545547177,69,1
bench_test.py::TestStringColumnTensor::test_mssb_string_processing[1e08-1e4-20-eq-0.15-cuda-CPlainEncoding-index-compile],cuda,,20,eq,False,0.15,CPlainEncoding,True,100000000,10000,0001,FilterScan,Eq,9JpfoTzAoyuZAw3zg7q,100000000,14998502,20,2000000000,,,0.020058152033016086,0.021795367007143795,0.02017763023963198,0.0002375856058701528,0.020146764494711533,6.61559752188623e-05,1;1,49.5598337428072,50,1
bench_test.py::TestStringColumnTensor::test_mssb_string_processing[1e08-1e4-20-lt-0.15-cuda-CPlainEncoding-index-compile],cuda,,20,lt,False,0.15,CPlainEncoding,True,100000000,10000,0002,FilterScan,Lt,4hYzZwhE9p,100000000,14999627,20,2000000000,,,0.03217161796055734,0.03455074201337993,0.032410879717645,0.0004085678272460217,0.032323565013939515,0.0002208234800491482,1;1,30.853837005096285,32,1
bench_test.py::TestStringColumnTensor::test_mssb_string_processing[1e08-1e4-20-prefix-0.15-cuda-UnsortedDictionaryEncoding-mask-compile],cuda,,20,prefix,True,0.15,UnsortedDictionaryEncoding,True,100000000,10000,0003,FilterScan,Prefix,oMIFB5MRtMa,100000000,14999627,20,2000000000,,,0.0007656629895791411,0.0025438779848627746,0.0007713007698982201,4.991498411604463e-05,0.000769224512623623,2.0345032680779696e-06,2;91,1296.5110875384694,1276,1
bench_test.py::TestStringColumnTensor::test_mssb_string_processing[1e08-1e4-20-prefix-0.15-cuda-UnsortedCDictionaryEncoding-mask-compile],cuda,,20,prefix,True,0.15,UnsortedCDictionaryEncoding,True,100000000,10000,0003,FilterScan,Prefix,oMIFB5MRtMa,100000000,14999627,20,2000000000,,,0.0007661730051040649,0.0009163990034721792,0.000770968428503087,6.226806707821726e-06,0.0007701009744778275,2.373999450355768e-06,56;94,1297.0699746312582,1279,1
bench_test.py::TestStringColumnTensor::test_mssb_string_processing[1e08-1e4-20-eq-0.15-cuda-UnsortedDictionaryEncoding-mask-compile],cuda,,20,eq,True,0.15,UnsortedDictionaryEncoding,True,100000000,10000,0001,FilterScan,Eq,CcYvDjEV7OCme,100000000,14998502,20,2000000000,,,0.0007664739969186485,0.0017609819769859314,0.0007723360557791069,2.7776825483375543e-05,0.0007708930061198771,2.422020770609379e-06,1;83,1294.773165796634,1281,1
bench_test.py::TestStringColumnTensor::test_mssb_string_processing[1e08-1e4-20-eq-0.15-cuda-UnsortedCDictionaryEncoding-mask-compile],cuda,,20,eq,True,0.15,UnsortedCDictionaryEncoding,True,100000000,10000,0001,FilterScan,Eq,CcYvDjEV7OCme,100000000,14998502,20,2000000000,,,0.0007675469969399273,0.004437489958945662,0.0007755443356547724,0.00010293391969640847,0.0007717540138401091,2.4540204321965575e-06,3;87,1289.4169346949398,1275,1
bench_test.py::TestStringColumnTensor::test_mssb_string_processing[1e08-1e4-20-lt-0.15-cuda-UnsortedDictionaryEncoding-mask-compile],cuda,,20,lt,True,0.15,UnsortedDictionaryEncoding,True,100000000,10000,0002,FilterScan,Lt,4luclktoLkQWJe,100000000,14999627,20,2000000000,,,0.0007677969988435507,0.0028228360461071134,0.0007742399365112116,5.75125101461819e-05,0.0007719199929852039,2.935004886239767e-06,2;66,1291.5892772285574,1278,1
bench_test.py::TestStringColumnTensor::test_mssb_string_processing[1e08-1e4-20-lt-0.15-cuda-UnsortedCDictionaryEncoding-mask-compile],cuda,,20,lt,True,0.15,UnsortedCDictionaryEncoding,True,100000000,10000,0002,FilterScan,Lt,4luclktoLkQWJe,100000000,14999627,20,2000000000,,,0.0007685790187679231,0.002945329004433006,0.0007754660838320121,6.137425327730418e-05,0.0007726459880359471,3.3747637644410133e-06,4;54,1289.5470489933489,1275,1
bench_test.py::TestStringColumnTensor::test_mssb_string_processing[1e08-1e4-20-eq-0.15-cuda-DictionaryEncoding-mask-compile],cuda,,20,eq,True,0.15,DictionaryEncoding,True,100000000,10000,0001,FilterScan,Eq,CcYvDjEV7OCme,100000000,14998502,20,2000000000,,,0.0008736670133657753,0.005692622973583639,0.0008903910283051017,0.00019301569411974301,0.000880831474205479,4.9435184337198734e-06,2;69,1123.1020621395342,1116,1
bench_test.py::TestStringColumnTensor::test_mssb_string_processing[1e08-1e4-20-prefix-0.15-cuda-DictionaryEncoding-mask-compile],cuda,,20,prefix,True,0.15,DictionaryEncoding,True,100000000,10000,0003,FilterScan,Prefix,oMIFB5MRtMa,100000000,14999627,20,2000000000,,,0.0008739579934626818,0.0023697770084254444,0.0008831326825658243,4.5043907235214954e-05,0.0008808210259303451,4.1261810110881925e-06,2;57,1132.3326831191812,1111,1
bench_test.py::TestStringColumnTensor::test_mssb_string_processing[1e08-1e4-20-lt-0.15-cuda-DictionaryEncoding-mask-compile],cuda,,20,lt,True,0.15,DictionaryEncoding,True,100000000,10000,0002,FilterScan,Lt,4luclktoLkQWJe,100000000,14999627,20,2000000000,,,0.0008763830410316586,0.0030741430236957967,0.0008899731344344126,0.00010837482317633313,0.0008834059699438512,4.908986738882959e-06,4;40,1123.6294235280604,1117,1
bench_test.py::TestStringColumnTensor::test_mssb_string_processing[1e08-1e4-20-prefix-0.15-cuda-CPlainEncoding-mask-compile],cuda,,20,prefix,True,0.15,CPlainEncoding,True,100000000,10000,0003,FilterScan,Prefix,oMIFB5MRtMa,100000000,14999627,20,2000000000,,,0.0009269490255974233,0.0021250430145300925,0.0009326602190310814,3.653737126191745e-05,0.0009312769980169833,1.9030412659049034e-06,1;47,1072.2018368478032,1070,1
bench_test.py::TestStringColumnTensor::test_mssb_string_processing[1e08-1e4-20-eq-0.15-cuda-CPlainEncoding-mask-compile],cuda,,20,eq,True,0.15,CPlainEncoding,True,100000000,10000,0001,FilterScan,Eq,CcYvDjEV7OCme,100000000,14998502,20,2000000000,,,0.0015776639920659363,0.003062350966501981,0.0016009656048994751,8.635947604058971e-05,0.0015949709923006594,6.837479304522276e-06,4;12,624.6230380838133,624,1
bench_test.py::TestStringColumnTensor::test_mssb_string_processing[1e08-1e4-20-lt-0.15-cuda-CPlainEncoding-mask-compile],cuda,,20,lt,True,0.15,CPlainEncoding,True,100000000,10000,0002,FilterScan,Lt,4luclktoLkQWJe,100000000,14999627,20,2000000000,,,0.0016131309675984085,0.00246962602250278,0.0016395361199042161,3.92403679183071e-05,0.0016367359785363078,1.0011455742642283e-05,5;9,609.9286181376848,609,1
bench_test.py::TestStringColumnTensor::test_mssb_string_processing[1e08-1e4-20-prefix-0.15-cuda-CDictionaryEncoding-mask-compile],cuda,,20,prefix,True,0.15,CDictionaryEncoding,True,100000000,10000,0003,FilterScan,Prefix,oMIFB5MRtMa,100000000,14999627,20,2000000000,,,0.0018408330506645143,0.0020109449978917837,0.0018556589038746657,9.423535851040627e-06,0.0018540889723226428,8.135757525451481e-06,62;14,538.8921411752845,535,1
bench_test.py::TestStringColumnTensor::test_mssb_string_processing[1e08-1e4-20-eq-0.15-cuda-UnsortedCDictionaryEncoding-index-compile],cuda,,20,eq,False,0.15,UnsortedCDictionaryEncoding,True,100000000,10000,0001,FilterScan,Eq,CcYvDjEV7OCme,100000000,14998502,20,2000000000,,,0.001902580028399825,0.004736297007184476,0.0019329217732937823,0.0001344179026739894,0.0019222479895688593,1.1957788956351578e-05,2;36,517.3515109698188,519,1
bench_test.py::TestStringColumnTensor::test_mssb_string_processing[1e08-1e4-20-prefix-0.15-cuda-UnsortedDictionaryEncoding-index-compile],cuda,,20,prefix,False,0.15,UnsortedDictionaryEncoding,True,100000000,10000,0003,FilterScan,Prefix,oMIFB5MRtMa,100000000,14999627,20,2000000000,,,0.0019027410307899117,0.0021052650408819318,0.0019275476345613312,1.7374262659666454e-05,0.0019230695033911616,1.4523044228553772e-05,78;34,518.7939234651282,520,1
bench_test.py::TestStringColumnTensor::test_mssb_string_processing[1e08-1e4-20-prefix-0.15-cuda-UnsortedCDictionaryEncoding-index-compile],cuda,,20,prefix,False,0.15,UnsortedCDictionaryEncoding,True,100000000,10000,0003,FilterScan,Prefix,oMIFB5MRtMa,100000000,14999627,20,2000000000,,,0.0019051749841310084,0.002029831986874342,0.0019397275700824559,2.103232110639378e-05,0.0019351225055288523,2.7710979338735342e-05,143;16,515.5363131522078,514,1
bench_test.py::TestStringColumnTensor::test_mssb_string_processing[1e08-1e4-20-lt-0.15-cuda-UnsortedDictionaryEncoding-index-compile],cuda,,20,lt,False,0.15,UnsortedDictionaryEncoding,True,100000000,10000,0002,FilterScan,Lt,4luclktoLkQWJe,100000000,14999627,20,2000000000,,,0.001905444951262325,0.0022765500470995903,0.001962993363798871,8.674059587870222e-05,0.0019267359748482704,2.0069506717845798e-05,67;76,509.4260726713594,457,1
bench_test.py::TestStringColumnTensor::test_mssb_string_processing[1e08-1e4-20-lt-0.15-cuda-UnsortedCDictionaryEncoding-index-compile],cuda,,20,lt,False,0.15,UnsortedCDictionaryEncoding,True,100000000,10000,0002,FilterScan,Lt,4luclktoLkQWJe,100000000,14999627,20,2000000000,,,0.0019082410144619644,0.0030320939840748906,0.001971039586721217,7.853224740159276e-05,0.0019475554872769862,4.0842482121661305e-05,70;72,507.3464818956168,472,1
bench_test.py::TestStringColumnTensor::test_mssb_string_processing[1e08-1e4-20-eq-0.15-cuda-UnsortedDictionaryEncoding-index-compile],cuda,,20,eq,False,0.15,UnsortedDictionaryEncoding,True,100000000,10000,0001,FilterScan,Eq,CcYvDjEV7OCme,100000000,14998502,20,2000000000,,,0.0019096839823760092,0.003090815036557615,0.0019847681549420163,0.00010260869236932884,0.001950100006069988,4.74924745503813e-05,67;67,503.83718496794114,461,1
bench_test.py::TestStringColumnTensor::test_mssb_string_processing[1e08-1e4-20-prefix-0.15-cuda-DictionaryEncoding-index-compile],cuda,,20,prefix,False,0.15,DictionaryEncoding,True,100000000,10000,0003,FilterScan,Prefix,oMIFB5MRtMa,100000000,14999627,20,2000000000,,,0.0020045829587616026,0.0033209510147571564,0.0020301788560467605,6.0066291967824365e-05,0.002023629960604012,1.454498851671815e-05,3;31,492.5674390813217,491,1
bench_test.py::TestStringColumnTensor::test_mssb_string_processing[1e08-1e4-20-lt-0.15-cuda-DictionaryEncoding-index-compile],cuda,,20,lt,False,0.15,DictionaryEncoding,True,100000000,10000,0002,FilterScan,Lt,4luclktoLkQWJe,100000000,14999627,20,2000000000,,,0.002004584006499499,0.0042743810336105525,0.002038172588890092,0.0001292304157451587,0.0020257739815860987,1.457046892028302e-05,3;27,490.6355847639774,485,1
bench_test.py::TestStringColumnTensor::test_mssb_string_processing[1e08-1e4-20-eq-0.15-cuda-DictionaryEncoding-index-compile],cuda,,20,eq,False,0.15,DictionaryEncoding,True,100000000,10000,0001,FilterScan,Eq,CcYvDjEV7OCme,100000000,14998502,20,2000000000,,,0.0020081500406377017,0.0044110610033385456,0.00205454813026614,0.00013999955543285165,0.002040050982031971,2.8684968128800392e-05,3;14,486.725029834401,490,1
bench_test.py::TestStringColumnTensor::test_mssb_string_processing[1e08-1e4-20-prefix-0.15-cuda-PlainEncoding-mask-compile],cuda,,20,prefix,True,0.15,PlainEncoding,True,100000000,10000,0003,FilterScan,Prefix,oMIFB5MRtMa,100000000,14999627,20,2000000000,,,0.002287690993398428,0.0029399989871308208,0.0022929301611201345,3.120760674452604e-05,0.002290858014021069,1.871492713689804e-06,1;45,436.1231828846821,435,1
bench_test.py::TestStringColumnTensor::test_mssb_string_processing[1e08-1e4-20-eq-0.15-cuda-CDictionaryEncoding-mask-compile],cuda,,20,eq,True,0.15,CDictionaryEncoding,True,100000000,10000,0001,FilterScan,Eq,CcYvDjEV7OCme,100000000,14998502,20,2000000000,,,0.0026516520301811397,0.003727132047060877,0.0026964209768744465,7.137354631973565e-05,0.0026898839860223234,2.3357279133051634e-05,11;14,370.86197169373344,369,1
bench_test.py::TestStringColumnTensor::test_mssb_string_processing[1e08-1e4-20-prefix-0.15-cuda-CDictionaryEncoding-index-compile],cuda,,20,prefix,False,0.15,CDictionaryEncoding,True,100000000,10000,0003,FilterScan,Prefix,oMIFB5MRtMa,100000000,14999627,20,2000000000,,,0.0029818479670211673,0.0031565800309181213,0.0030085242566223404,1.7286990411985792e-05,0.00300464648171328,1.6791484085842967e-05,67;17,332.3888773038169,332,1
bench_test.py::TestStringColumnTensor::test_mssb_string_processing[1e08-1e4-20-eq-0.15-cuda-PlainEncoding-mask-compile],cuda,,20,eq,True,0.15,PlainEncoding,True,100000000,10000,0001,FilterScan,Eq,CcYvDjEV7OCme,100000000,14998502,20,2000000000,,,0.003310161002445966,0.0046819940325804055,0.003332297890478021,0.00014518272058953332,0.0033127260394394398,2.9975053621456027e-06,5;36,300.0932188138045,301,1
bench_test.py::TestStringColumnTensor::test_mssb_string_processing[1e08-1e4-20-prefix-0.15-cuda-PlainEncoding-index-compile],cuda,,20,prefix,False,0.15,PlainEncoding,True,100000000,10000,0003,FilterScan,Prefix,oMIFB5MRtMa,100000000,14999627,20,2000000000,,,0.003408627992030233,0.0042466080049052835,0.003433905104639271,4.957231118099793e-05,0.0034278039820492268,1.1972006177529693e-05,3;23,291.2136385623997,291,1
bench_test.py::TestStringColumnTensor::test_mssb_string_processing[1e08-1e4-20-eq-0.15-cuda-CDictionaryEncoding-index-compile],cuda,,20,eq,False,0.15,CDictionaryEncoding,True,100000000,10000,0001,FilterScan,Eq,CcYvDjEV7OCme,100000000,14998502,20,2000000000,,,0.0038016840117052197,0.005726595991291106,0.0038802868171702496,0.00015871872014452148,0.0038591680058743805,3.333849599584937e-05,5;12,257.7129081218958,260,1
bench_test.py::TestStringColumnTensor::test_mssb_string_processing[1e08-1e4-20-lt-0.15-cuda-CDictionaryEncoding-mask-compile],cuda,,20,lt,True,0.15,CDictionaryEncoding,True,100000000,10000,0002,FilterScan,Lt,4luclktoLkQWJe,100000000,14999627,20,2000000000,,,0.004068520036526024,0.00806854001712054,0.004156412753427915,0.0002886848022293662,0.004121840989682823,1.689349301159382e-05,5;35,240.5920824815271,243,1
bench_test.py::TestStringColumnTensor::test_mssb_string_processing[1e08-1e4-20-eq-0.15-cuda-PlainEncoding-index-compile],cuda,,20,eq,False,0.15,PlainEncoding,True,100000000,10000,0001,FilterScan,Eq,CcYvDjEV7OCme,100000000,14998502,20,2000000000,,,0.004429224005434662,0.006502679025288671,0.004474446203352677,0.00019787499932943993,0.004445625992957503,1.2405012967064977e-05,4;17,223.4913449737547,225,1
bench_test.py::TestStringColumnTensor::test_mssb_string_processing[1e08-1e4-20-lt-0.15-cuda-CDictionaryEncoding-index-compile],cuda,,20,lt,False,0.15,CDictionaryEncoding,True,100000000,10000,0002,FilterScan,Lt,4luclktoLkQWJe,100000000,14999627,20,2000000000,,,0.00521000602748245,0.010734239011071622,0.005309182337767102,0.0004114299094124384,0.005270370980724692,2.298300387337804e-05,2;30,188.35292072876385,190,1
bench_test.py::TestStringColumnTensor::test_mssb_string_processing[1e08-1e4-20-lt-0.15-cuda-PlainEncoding-mask-compile],cuda,,20,lt,True,0.15,PlainEncoding,True,100000000,10000,0002,FilterScan,Lt,4luclktoLkQWJe,100000000,14999627,20,2000000000,,,0.0052874640095978975,0.006197991024237126,0.005312462907380587,0.0001239695297910352,0.005290608969517052,3.121007466688752e-06,5;17,188.2366084120236,189,1
bench_test.py::TestStringColumnTensor::test_mssb_string_processing[1e08-1e4-20-lt-0.15-cuda-PlainEncoding-index-compile],cuda,,20,lt,False,0.15,PlainEncoding,True,100000000,10000,0002,FilterScan,Lt,4luclktoLkQWJe,100000000,14999627,20,2000000000,,,0.0064085309859365225,0.008085072040557861,0.006473023766048778,0.000252017373491899,0.006425046478398144,1.906600664369762e-05,4;18,154.48730549160547,156,1
bench_test.py::TestStringColumnTensor::test_mssb_string_processing[1e08-1e4-20-prefix-0.15-cuda-CPlainEncoding-index-compile],cuda,,20,prefix,False,0.15,CPlainEncoding,True,100000000,10000,0003,FilterScan,Prefix,oMIFB5MRtMa,100000000,14999627,20,2000000000,,,0.01213315298082307,0.013319563993718475,0.012218700520587659,0.0001281288173793894,0.012203326041344553,5.73442957829684e-05,2;2,81.84176364050086,83,1
bench_test.py::TestStringColumnTensor::test_mssb_string_processing[1e08-1e4-20-eq-0.15-cuda-CPlainEncoding-index-compile],cuda,,20,eq,False,0.15,CPlainEncoding,True,100000000,10000,0001,FilterScan,Eq,CcYvDjEV7OCme,100000000,14998502,20,2000000000,,,0.019354566000401974,0.01964584900997579,0.0194666180625343,4.962285430513675e-05,0.01945637448807247,5.8952049585059285e-05,12;1,51.36999127365697,52,1
bench_test.py::TestStringColumnTensor::test_mssb_string_processing[1e08-1e4-20-lt-0.15-cuda-CPlainEncoding-index-compile],cuda,,20,lt,False,0.15,CPlainEncoding,True,100000000,10000,0002,FilterScan,Lt,4luclktoLkQWJe,100000000,14999627,20,2000000000,,,0.0314755070139654,0.03545737196691334,0.03200962646951666,0.001067978331437454,0.03163858098560013,0.00022353851818479598,4;4,31.240601978043006,32,1
bench_test.py::TestStringColumnTensor::test_mssb_string_processing[1e08-1e4-20-prefix-0.15-cuda-UnsortedCDictionaryEncoding-mask-compile],cuda,,20,prefix,True,0.15,UnsortedCDictionaryEncoding,True,100000000,10000,0003,FilterScan,Prefix,jpSwAiT5PWX,100000000,14999627,20,2000000000,,,0.0007682680152356625,0.0037780290003865957,0.0007785161212888913,9.484609525331699e-05,0.0007741089793853462,2.3449683794751763e-06,3;94,1284.4949162316968,1277,1
bench_test.py::TestStringColumnTensor::test_mssb_string_processing[1e08-1e4-20-eq-0.15-cuda-UnsortedCDictionaryEncoding-mask-compile],cuda,,20,eq,True,0.15,UnsortedCDictionaryEncoding,True,100000000,10000,0001,FilterScan,Eq,brftKwhLZPO,100000000,14998502,20,2000000000,,,0.0007685479940846562,0.002313108998350799,0.0007766785749745574,5.186783864452337e-05,0.0007744589820504189,3.066059434786439e-06,3;52,1287.5339068452588,1275,1
bench_test.py::TestStringColumnTensor::test_mssb_string_processing[1e08-1e4-20-prefix-0.15-cuda-UnsortedDictionaryEncoding-mask-compile],cuda,,20,prefix,True,0.15,UnsortedDictionaryEncoding,True,100000000,10000,0003,FilterScan,Prefix,jpSwAiT5PWX,100000000,14999627,20,2000000000,,,0.0007690089987590909,0.003455185971688479,0.0007803109360526235,0.00010170465698749586,0.000773387961089611,2.247499651275575e-06,7;97,1281.5404139518055,1277,1
bench_test.py::TestStringColumnTensor::test_mssb_string_processing[1e08-1e4-20-eq-0.15-cuda-UnsortedDictionaryEncoding-mask-compile],cuda,,20,eq,True,0.15,UnsortedDictionaryEncoding,True,100000000,10000,0001,FilterScan,Eq,brftKwhLZPO,100000000,14998502,20,2000000000,,,0.0007696200045756996,0.0031544860103167593,0.0007774136106337548,6.712671661939218e-05,0.0007746699848212302,2.6725028874352574e-06,4;78,1286.3165582922977,1275,1
bench_test.py::TestStringColumnTensor::test_mssb_string_processing[1e08-1e4-20-lt-0.15-cuda-UnsortedCDictionaryEncoding-mask-compile],cuda,,20,lt,True,0.15,UnsortedCDictionaryEncoding,True,100000000,10000,0002,FilterScan,Lt,4M0hXppjehWegjmuO,100000000,14999627,20,2000000000,,,0.0007696509710513055,0.0027682630461640656,0.0007782193473609803,5.666797351503528e-05,0.0007759419968351722,2.6799680199474096e-06,3;75,1284.9847583346523,1272,1
bench_test.py::TestStringColumnTensor::test_mssb_string_processing[1e08-1e4-20-lt-0.15-cuda-UnsortedDictionaryEncoding-mask-compile],cuda,,20,lt,True,0.15,UnsortedDictionaryEncoding,True,100000000,10000,0002,FilterScan,Lt,4M0hXppjehWegjmuO,100000000,14999627,20,2000000000,,,0.0007698510307818651,0.003733184013981372,0.0007777407486284355,8.30319342808568e-05,0.0007746089831925929,2.8199865482747555e-06,2;70,1285.7755000795883,1273,1
bench_test.py::TestStringColumnTensor::test_mssb_string_processing[1e08-1e4-20-prefix-0.15-cuda-DictionaryEncoding-mask-compile],cuda,,20,prefix,True,0.15,DictionaryEncoding,True,100000000,10000,0003,FilterScan,Prefix,jpSwAiT5PWX,100000000,14999627,20,2000000000,,,0.0008748709806241095,0.006078774982597679,0.0008979794748661663,0.00020960486254749912,0.0008831959567032754,4.083020030520856e-06,7;86,1113.6111993529014,1121,1
bench_test.py::TestStringColumnTensor::test_mssb_string_processing[1e08-1e4-20-eq-0.15-cuda-DictionaryEncoding-mask-compile],cuda,,20,eq,True,0.15,DictionaryEncoding,True,100000000,10000,0001,FilterScan,Eq,brftKwhLZPO,100000000,14998502,20,2000000000,,,0.0008781459764577448,0.0054731660056859255,0.0008922490068793957,0.00014372789547865354,0.0008858859946485609,3.2050302252173424e-06,3;72,1120.7633657082554,1116,1
bench_test.py::TestStringColumnTensor::test_mssb_string_processing[1e08-1e4-20-lt-0.15-cuda-DictionaryEncoding-mask-compile],cuda,,20,lt,True,0.15,DictionaryEncoding,True,100000000,10000,0002,FilterScan,Lt,4M0hXppjehWegjmuO,100000000,14999627,20,2000000000,,,0.0008782459772191942,0.0030248999828472733,0.0008895650466659135,7.784209546430793e-05,0.0008854300249367952,3.9879814721643925e-06,5;61,1124.1448882776997,1118,1
bench_test.py::TestStringColumnTensor::test_mssb_string_processing[1e08-1e4-20-prefix-0.15-cuda-CPlainEncoding-mask-compile],cuda,,20,prefix,True,0.15,CPlainEncoding,True,100000000,10000,0003,FilterScan,Prefix,jpSwAiT5PWX,100000000,14999627,20,2000000000,,,0.0009278409997932613,0.004497685004025698,0.0009479093143430698,0.00021074342375539254,0.0009322889964096248,2.2839667508378625e-06,6;54,1054.95323747613,1069,1
bench_test.py::TestStringColumnTensor::test_mssb_string_processing[1e08-1e4-20-eq-0.15-cuda-CPlainEncoding-mask-compile],cuda,,20,eq,True,0.15,CPlainEncoding,True,100000000,10000,0001,FilterScan,Eq,brftKwhLZPO,100000000,14998502,20,2000000000,,,0.0015804879949428141,0.0037280639517121017,0.0016018062155469122,9.273254027489385e-05,0.0015963745245244354,6.451969966292381e-06,4;16,624.2952426417982,626,1
bench_test.py::TestStringColumnTensor::test_mssb_string_processing[1e08-1e4-20-lt-0.15-cuda-CPlainEncoding-mask-compile],cuda,,20,lt,True,0.15,CPlainEncoding,True,100000000,10000,0002,FilterScan,Lt,4M0hXppjehWegjmuO,100000000,14999627,20,2000000000,,,0.0016109669813886285,0.0029985790024511516,0.0016396182051842919,5.964444877047538e-05,0.0016359040164388716,9.104449418373406e-06,3;16,609.8980828818015,607,1
bench_test.py::TestStringColumnTensor::test_mssb_string_processing[1e08-1e4-20-prefix-0.15-cuda-CDictionaryEncoding-mask-compile],cuda,,20,prefix,True,0.15,CDictionaryEncoding,True,100000000,10000,0003,FilterScan,Prefix,jpSwAiT5PWX,100000000,14999627,20,2000000000,,,0.001840552024077624,0.00618941499851644,0.0018789077783309231,0.00022517373343636135,0.0018602599739097059,8.937728125602007e-06,4;11,532.2240993053543,533,1
bench_test.py::TestStringColumnTensor::test_mssb_string_processing[1e08-1e4-20-prefix-0.15-cuda-UnsortedDictionaryEncoding-index-compile],cuda,,20,prefix,False,0.15,UnsortedDictionaryEncoding,True,100000000,10000,0003,FilterScan,Prefix,jpSwAiT5PWX,100000000,14999627,20,2000000000,,,0.001902169024106115,0.003025079960934818,0.0019339618845492185,6.752814309291968e-05,0.0019245719886384904,1.3745971955358982e-05,9;46,517.0732722238148,518,1
bench_test.py::TestStringColumnTensor::test_mssb_string_processing[1e08-1e4-20-eq-0.15-cuda-UnsortedDictionaryEncoding-index-compile],cuda,,20,eq,False,0.15,UnsortedDictionaryEncoding,True,100000000,10000,0001,FilterScan,Eq,brftKwhLZPO,100000000,14998502,20,2000000000,,,0.0019059060141444206,0.006518628972116858,0.0020199012970330103,0.00029141416317874486,0.001955901534529403,7.657601963728666e-05,3;99,495.07369566467355,462,1
bench_test.py::TestStringColumnTensor::test_mssb_string_processing[1e08-1e4-20-lt-0.15-cuda-UnsortedDictionaryEncoding-index-compile],cuda,,20,lt,False,0.15,UnsortedDictionaryEncoding,True,100000000,10000,0002,FilterScan,Lt,4M0hXppjehWegjmuO,100000000,14999627,20,2000000000,,,0.0019084119703620672,0.005192433018237352,0.001964870215901597,0.00016900590170586298,0.0019289210031274706,1.8754974007606506e-05,51;64,508.93946679381145,462,1
bench_test.py::TestStringColumnTensor::test_mssb_string_processing[1e08-1e4-20-prefix-0.15-cuda-UnsortedCDictionaryEncoding-index-compile],cuda,,20,prefix,False,0.15,UnsortedCDictionaryEncoding,True,100000000,10000,0003,FilterScan,Prefix,jpSwAiT5PWX,100000000,14999627,20,2000000000,,,0.0019085020176135004,0.003311353037133813,0.001937612978283956,9.831836764298935e-05,0.0019257640233263373,1.4007033314555883e-05,4;50,516.0989378207244,518,1
bench_test.py::TestStringColumnTensor::test_mssb_string_processing[1e08-1e4-20-eq-0.15-cuda-UnsortedCDictionaryEncoding-index-compile],cuda,,20,eq,False,0.15,UnsortedCDictionaryEncoding,True,100000000,10000,0001,FilterScan,Eq,brftKwhLZPO,100000000,14998502,20,2000000000,,,0.0019089829875156283,0.0028848539805039763,0.001931024620055475,5.044124443044411e-05,0.001924692012835294,1.1997268302366138e-05,5;38,517.8597878111319,517,1
bench_test.py::TestStringColumnTensor::test_mssb_string_processing[1e08-1e4-20-lt-0.15-cuda-UnsortedCDictionaryEncoding-index-compile],cuda,,20,lt,False,0.15,UnsortedCDictionaryEncoding,True,100000000,10000,0002,FilterScan,Lt,4M0hXppjehWegjmuO,100000000,14999627,20,2000000000,,,0.0019118679920211434,0.0033412299817427993,0.001963281794324639,8.320281269819286e-05,0.001943808514624834,3.563801874406636e-05,45;48,509.3512316422188,460,1
bench_test.py::TestStringColumnTensor::test_mssb_string_processing[1e08-1e4-20-prefix-0.15-cuda-DictionaryEncoding-index-compile],cuda,,20,prefix,False,0.15,DictionaryEncoding,True,100000000,10000,0003,FilterScan,Prefix,jpSwAiT5PWX,100000000,14999627,20,2000000000,,,0.00200353201944381,0.004129216016735882,0.0020445467235415946,0.00013699275926419964,0.0020281439647078514,1.528899883851409e-05,5;34,489.10596587774967,490,1
bench_test.py::TestStringColumnTensor::test_mssb_string_processing[1e08-1e4-20-eq-0.15-cuda-DictionaryEncoding-index-compile],cuda,,20,eq,False,0.15,DictionaryEncoding,True,100000000,10000,0001,FilterScan,Eq,brftKwhLZPO,100000000,14998502,20,2000000000,,,0.0020075200009159744,0.0036820569657720625,0.00205319190978498,0.0001059093961656424,0.002041894505964592,2.7412024792283773e-05,3;8,487.04653239390797,486,1
bench_test.py::TestStringColumnTensor::test_mssb_string_processing[1e08-1e4-20-lt-0.15-cuda-DictionaryEncoding-index-compile],cuda,,20,lt,False,0.15,DictionaryEncoding,True,100000000,10000,0002,FilterScan,Lt,4M0hXppjehWegjmuO,100000000,14999627,20,2000000000,,,0.002009032992646098,0.0032030779984779656,0.00203422532673469,5.502607232957629e-05,0.002029385505011305,1.1712079867720604e-05,3;32,491.5876264332949,490,1
bench_test.py::TestStringColumnTensor::test_mssb_string_processing[1e08-1e4-20-prefix-0.15-cuda-PlainEncoding-mask-compile],cuda,,20,prefix,True,0.15,PlainEncoding,True,100000000,10000,0003,FilterScan,Prefix,jpSwAiT5PWX,100000000,14999627,20,2000000000,,,0.0022885220241732895,0.0023508009617216885,0.002291860130760048,3.694332558238526e-06,0.0022909180261194706,1.7630227375775576e-06,40;52,436.326801351691,435,1
bench_test.py::TestStringColumnTensor::test_mssb_string_processing[1e08-1e4-20-eq-0.15-cuda-CDictionaryEncoding-mask-compile],cuda,,20,eq,True,0.15,CDictionaryEncoding,True,100000000,10000,0001,FilterScan,Eq,brftKwhLZPO,100000000,14998502,20,2000000000,,,0.0026781620108522475,0.003678479988593608,0.0027187605204799133,5.3972488274742156e-05,0.0027143809711560607,1.1186013580299914e-05,9;22,367.8146686577164,367,1
bench_test.py::TestStringColumnTensor::test_mssb_string_processing[1e08-1e4-20-prefix-0.15-cuda-CDictionaryEncoding-index-compile],cuda,,20,prefix,False,0.15,CDictionaryEncoding,True,100000000,10000,0003,FilterScan,Prefix,jpSwAiT5PWX,100000000,14999627,20,2000000000,,,0.002988591033499688,0.00700020301155746,0.0030551024581830255,0.0003300676986269726,0.0030152170220389962,1.7312995623797178e-05,5;14,327.32126456889256,332,1
bench_test.py::TestStringColumnTensor::test_mssb_string_processing[1e08-1e4-20-eq-0.15-cuda-PlainEncoding-mask-compile],cuda,,20,eq,True,0.15,PlainEncoding,True,100000000,10000,0001,FilterScan,Eq,brftKwhLZPO,100000000,14998502,20,2000000000,,,0.0030615099822171032,0.005013393005356193,0.0030799387104986408,0.00015539941963844223,0.003064470016397536,2.343964297324419e-06,3;25,324.6817855794606,326,1
bench_test.py::TestStringColumnTensor::test_mssb_string_processing[1e08-1e4-20-prefix-0.15-cuda-PlainEncoding-index-compile],cuda,,20,prefix,False,0.15,PlainEncoding,True,100000000,10000,0003,FilterScan,Prefix,jpSwAiT5PWX,100000000,14999627,20,2000000000,,,0.0034121740027330816,0.0035235259565524757,0.0034399001474677876,2.1625098672783215e-05,0.0034323440049774945,2.198948641307652e-05,51;18,290.70611271554776,291,1
bench_test.py::TestStringColumnTensor::test_mssb_string_processing[1e08-1e4-20-eq-0.15-cuda-CDictionaryEncoding-index-compile],cuda,,20,eq,False,0.15,CDictionaryEncoding,True,100000000,10000,0001,FilterScan,Eq,brftKwhLZPO,100000000,14998502,20,2000000000,,,0.0038136859657242894,0.008165123988874257,0.003918719984674032,0.00038523130416184614,0.003874121990520507,4.144897684454918e-05,3;13,255.18536764835525,258,1
bench_test.py::TestStringColumnTensor::test_mssb_string_processing[1e08-1e4-20-lt-0.15-cuda-CDictionaryEncoding-mask-compile],cuda,,20,lt,True,0.15,CDictionaryEncoding,True,100000000,10000,0002,FilterScan,Lt,4M0hXppjehWegjmuO,100000000,14999627,20,2000000000,,,0.004101993981748819,0.007317695999518037,0.004144609655941541,0.0002071380789757672,0.00412614899687469,1.5038720448501408e-05,2;12,241.27724514815074,243,1
bench_test.py::TestStringColumnTensor::test_mssb_string_processing[1e08-1e4-20-eq-0.15-cuda-PlainEncoding-index-compile],cuda,,20,eq,False,0.15,PlainEncoding,True,100000000,10000,0001,FilterScan,Eq,brftKwhLZPO,100000000,14998502,20,2000000000,,,0.004178759001661092,0.00480197201250121,0.004203403224915124,4.161653864089236e-05,0.004196944006253034,1.2540724128484726e-05,6;21,237.90246771297848,237,1
bench_test.py::TestStringColumnTensor::test_mssb_string_processing[1e08-1e4-20-lt-0.15-cuda-CDictionaryEncoding-index-compile],cuda,,20,lt,False,0.15,CDictionaryEncoding,True,100000000,10000,0002,FilterScan,Lt,4M0hXppjehWegjmuO,100000000,14999627,20,2000000000,,,0.005222500010859221,0.007725640025455505,0.005309370056248123,0.00023502788718845043,0.005284542479785159,2.1931948140263557e-05,2;17,188.34626130894557,190,1
bench_test.py::TestStringColumnTensor::test_mssb_string_processing[1e08-1e4-20-lt-0.15-cuda-PlainEncoding-mask-compile],cuda,,20,lt,True,0.15,PlainEncoding,True,100000000,10000,0002,FilterScan,Lt,4M0hXppjehWegjmuO,100000000,14999627,20,2000000000,,,0.005779126950073987,0.005849679990205914,0.005783558609852342,8.056484100313146e-06,0.0057812799932435155,2.705011866055429e-06,13;15,172.90392774726817,173,1
bench_test.py::TestStringColumnTensor::test_mssb_string_processing[1e08-1e4-20-lt-0.15-cuda-PlainEncoding-index-compile],cuda,,20,lt,False,0.15,PlainEncoding,True,100000000,10000,0002,FilterScan,Lt,4M0hXppjehWegjmuO,100000000,14999627,20,2000000000,,,0.006897708051837981,0.007026502978987992,0.006927254388574511,2.4084180379033157e-05,0.006918878993019462,2.311423304490745e-05,27;12,144.35733754044796,145,1
bench_test.py::TestStringColumnTensor::test_mssb_string_processing[1e08-1e4-20-prefix-0.15-cuda-CPlainEncoding-index-compile],cuda,,20,prefix,False,0.15,CPlainEncoding,True,100000000,10000,0003,FilterScan,Prefix,jpSwAiT5PWX,100000000,14999627,20,2000000000,,,0.012141768995206803,0.013616608979646116,0.012311105242599341,0.0003196915891209042,0.01222264301031828,5.6717777624726295e-05,6;7,81.22747554295638,83,1
bench_test.py::TestStringColumnTensor::test_mssb_string_processing[1e08-1e4-20-eq-0.15-cuda-CPlainEncoding-index-compile],cuda,,20,eq,False,0.15,CPlainEncoding,True,100000000,10000,0001,FilterScan,Eq,brftKwhLZPO,100000000,14998502,20,2000000000,,,0.01915769197512418,0.021085069980472326,0.019299026721438288,0.0003462480451437479,0.019227665034122765,6.75054470775649e-05,2;2,51.81608453286154,53,1
bench_test.py::TestStringColumnTensor::test_mssb_string_processing[1e08-1e4-20-lt-0.15-cuda-CPlainEncoding-index-compile],cuda,,20,lt,False,0.15,CPlainEncoding,True,100000000,10000,0002,FilterScan,Lt,4M0hXppjehWegjmuO,100000000,14999627,20,2000000000,,,0.03297251800540835,0.03490984300151467,0.03320536993241178,0.0003319924956474924,0.033165482978802174,0.00012120023893658072,1;1,30.11561087966978,31,1
